site_id,week_start,consumed_tonnes,planned_pour_tonnes,days_in_week,forecast,window
SITE_001,2024-03-25,197.01,313.46999999999997,7,217.84702053479992,1
SITE_001,2024-04-01,186.46,299.59,7,213.3581187803165,1
SITE_001,2024-04-08,206.28,300.45,7,213.63624958066632,1
SITE_001,2024-04-15,217.86,323.29,7,221.02288618530622,1
SITE_001,2024-04-22,169.36,238.9,7,193.73049288120984,1
SITE_001,2024-04-29,146.44,212.49,7,185.18929004721076,1
SITE_001,2024-05-06,279.38,279.38,7,206.82204497209528,1
SITE_001,2024-05-13,229.51999999999998,326.08,7,221.92519424690627,1
SITE_002,2024-03-25,82.02,82.02,7,82.00412971891814,1
SITE_002,2024-04-01,91.08,93.87,7,93.63407357139904,1
SITE_002,2024-04-08,105.36,105.36,7,104.91070267393114,1
SITE_002,2024-04-15,96.83,96.83,7,96.53910595986683,1
SITE_002,2024-04-22,77.06,77.06,7,77.13623760851264,1
SITE_002,2024-04-29,88.7,88.7,7,88.56008119019008,1
SITE_002,2024-05-06,69.19,69.19,7,69.41238460268777,1
SITE_002,2024-05-13,85.48,85.48,7,85.39987703787037,1
SITE_003,2024-03-25,263.06,318.11,7,215.53934827269114,1
SITE_003,2024-04-01,222.5,343.32,7,225.73218419812707,1
SITE_003,2024-04-08,201.65,293.0,7,205.3869440645318,1
SITE_003,2024-04-15,153.04,217.72,7,174.94994729869205,1
SITE_003,2024-04-22,306.0,306.0,7,210.64306731049243,1
SITE_003,2024-04-29,130.7,296.24,7,206.6969317042943,1
SITE_003,2024-05-06,287.72,324.94,7,218.30083456268432,1
SITE_003,2024-05-13,194.68,318.21999999999997,7,215.58382316169542,1
SITE_004,2024-03-25,72.95,72.95,7,72.12738521012497,1
SITE_004,2024-04-01,97.89,101.65,7,99.94580209703237,1
SITE_004,2024-04-08,73.65,73.65,7,72.80588318297637,1
SITE_004,2024-04-15,71.78,71.78,7,70.99332431264476,1
SITE_004,2024-04-22,70.98,70.98,7,70.21789805795746,1
SITE_004,2024-04-29,95.91,95.91,7,94.38211871965088,1
SITE_004,2024-05-06,86.8,86.8,7,85.55195224439909,1
SITE_004,2024-05-13,92.31,92.31,7,90.89270057355797,1
SITE_005,2024-03-25,255.2,333.95,7,219.2256972030479,1
SITE_005,2024-04-01,234.27,277.44,7,207.3676193608361,1
SITE_005,2024-04-08,228.03,339.39,7,220.36722867467475,1
SITE_005,2024-04-15,243.60000000000002,335.92,7,219.63908268082454,1
SITE_005,2024-04-22,180.14,346.32,7,221.82142225893466,1
SITE_005,2024-04-29,213.08,326.24,7,217.60782815042973,1
SITE_005,2024-05-06,237.5,279.27,7,207.75162719044584,1
SITE_005,2024-05-13,170.33,284.57,7,208.86378101390582,1
SITE_006,2024-03-25,172.43,298.38,7,240.2002962083853,1
SITE_006,2024-04-01,209.98000000000002,274.44,7,223.292838782783,1
SITE_006,2024-04-08,131.69,199.08999999999997,7,170.07742871514995,1
SITE_006,2024-04-15,158.86,220.56,7,185.24046593017428,1
SITE_006,2024-04-22,197.92000000000002,203.94,7,173.50270726628494,1
SITE_006,2024-04-29,157.95,157.95,7,141.0225916855226,1
SITE_006,2024-05-06,238.33,258.6,7,212.10594965907623,1
SITE_006,2024-05-13,162.93,182.20999999999998,7,158.1560468711998,1
SITE_007,2024-03-25,175.74,279.39,7,204.13876397826704,1
SITE_007,2024-04-01,213.87,326.93,7,209.54645626735746,1
SITE_007,2024-04-08,231.49,275.6,7,203.7076500999403,1
SITE_007,2024-04-15,123.65,271.73,7,203.2674361925196,1
SITE_007,2024-04-22,302.13,302.13,7,206.7254472482274,1
SITE_007,2024-04-29,205.65,247.67,7,200.53060244250878,1
SITE_007,2024-05-06,259.98,301.56,7,206.66060954093288,1
SITE_007,2024-05-13,311.06,318.09000000000003,7,208.540903052474,1
SITE_008,2024-03-25,180.34,297.32,7,210.6967129532778,1
SITE_008,2024-04-01,174.05,331.17,7,219.53831581586007,1
SITE_008,2024-04-08,189.56,328.77,7,218.9114370309207,1
SITE_008,2024-04-15,181.84,297.37,7,210.70977292796402,1
SITE_008,2024-04-22,266.64,266.64,7,202.68311248580295,1
SITE_008,2024-04-29,157.47,281.21,7,206.4887891093723,1
SITE_008,2024-05-06,178.17000000000002,290.16,7,208.8265245782087,1
SITE_008,2024-05-13,256.81,276.08,7,205.14883570656445,1
SITE_009,2024-03-25,83.99000000000001,83.99000000000001,7,83.41130732837524,1
SITE_009,2024-04-01,91.62,91.62,7,90.79093025607187,1
SITE_009,2024-04-08,77.72,77.72,7,77.34705624624445,1
SITE_009,2024-04-15,85.30000000000001,85.30000000000001,7,84.67831991491293,1
SITE_009,2024-04-22,118.44,118.44,7,116.73083679877483,1
SITE_009,2024-04-29,66.28,67.78,7,67.73323555144701,1
SITE_009,2024-05-06,96.45,96.45,7,95.46243467819176,1
SITE_009,2024-05-13,76.8,76.8,7,76.45724588012638,1
SITE_010,2024-03-25,193.21,253.37,7,200.9079455358814,1
SITE_010,2024-04-01,207.79999999999998,313.55,7,221.67177984902207,1
SITE_010,2024-04-08,217.28,296.59,7,215.82009108280627,1
SITE_010,2024-04-15,195.22,326.49,7,226.1364527638117,1
SITE_010,2024-04-22,210.27,331.03,7,227.70288360099443,1
SITE_010,2024-04-29,240.92,294.89,7,215.23354209090965,1
SITE_010,2024-05-06,188.73,325.83,7,225.9087337434283,1
SITE_010,2024-05-13,190.66,259.4,7,202.98846931302063,1
SITE_011,2024-03-25,170.38,251.18,7,202.22310550028376,1
SITE_011,2024-04-01,262.79,368.87,7,214.65857456602743,1
SITE_011,2024-04-08,294.7,358.4,7,213.55228379265384,1
SITE_011,2024-04-15,209.9,333.1,7,210.87901191430126,1
SITE_011,2024-04-22,187.68,338.16,7,211.4136662899718,1
SITE_011,2024-04-29,180.83,306.72,7,208.09162408224827,1
SITE_011,2024-05-06,220.19,294.95,7,206.84797151275382,1
SITE_011,2024-05-13,196.78,277.65,7,205.02000299514512,1
SITE_012,2024-03-25,63.03,65.78999999999999,7,65.83208404551966,1
SITE_012,2024-04-01,81.78,83.28999999999999,7,82.56741993652658,1
SITE_012,2024-04-08,82.12,82.12,7,81.44854319409927,1
SITE_012,2024-04-15,72.43,72.43,7,72.18194863502173,1
SITE_012,2024-04-22,79.88,79.88,7,79.30642020005038,1
SITE_012,2024-04-29,75.82,75.82,7,75.42382227333677,1
SITE_012,2024-05-06,74.75,74.75,7,74.40057602171521,1
SITE_012,2024-05-13,87.85000000000001,87.85000000000001,7,86.92817031726896,1
SITE_013,2024-03-25,109.32,194.1,7,175.84792321691447,1
SITE_013,2024-04-01,252.49,266.08000000000004,7,236.10554062332542,1
SITE_013,2024-04-08,184.24,256.06,7,227.71735881709813,1
SITE_013,2024-04-15,189.60000000000002,280.28000000000003,7,247.99298390161152,1
SITE_013,2024-04-22,132.64,163.46,7,150.19783434038726,1
SITE_013,2024-04-29,204.55,214.91,7,193.2688876268535,1
SITE_013,2024-05-06,192.51,204.82999999999998,7,184.83047718705603,1
SITE_013,2024-05-13,246.27,259.93,7,230.95710568237755,1
SITE_014,2024-03-25,209.11,250.61,7,224.4180241897177,1
SITE_014,2024-04-01,151.59,234.92000000000002,7,210.60523575085531,1
SITE_014,2024-04-08,105.47,108.06,7,98.92325096092016,1
SITE_014,2024-04-15,194.44,235.73999999999998,7,211.32712781713107,1
SITE_014,2024-04-22,94.01,94.01,7,86.55424665460934,1
SITE_014,2024-04-29,80.03999999999999,100.77,7,92.50545442049268,1
SITE_014,2024-05-06,235.91,235.91,7,211.47678836745655,1
SITE_014,2024-05-13,175.6,175.6,7,158.38250724905052,1
SITE_015,2024-03-25,90.74000000000001,90.74000000000001,7,90.27921247342952,1
SITE_015,2024-04-01,94.05,94.05,7,93.44072485935217,1
SITE_015,2024-04-08,76.15,76.15,7,76.34372434333542,1
SITE_015,2024-04-15,80.83,80.83,7,80.81377810953421,1
SITE_015,2024-04-22,77.65,77.65,7,77.77643388378375,1
SITE_015,2024-04-29,92.85,92.85,7,92.2945572269935,1
SITE_015,2024-05-06,83.07000000000001,83.07000000000001,7,82.9532910232704,1
SITE_015,2024-05-13,104.3,104.3,7,103.23090671908243,1
SITE_016,2024-03-25,195.1,195.1,7,174.66277873173857,1
SITE_016,2024-04-01,288.1,291.47,7,241.24073540600344,1
SITE_016,2024-04-08,194.78,282.6,7,235.1128275954739,1
SITE_016,2024-04-15,219.26,277.46,7,231.56181901079276,1
SITE_016,2024-04-22,156.85,250.0,7,212.59086653309936,1
SITE_016,2024-04-29,224.23000000000002,268.55,7,225.40627689221125,1
SITE_016,2024-05-06,140.57999999999998,234.48,7,201.86875500892597,1
SITE_016,2024-05-13,191.15,229.99,7,198.76680393008974,1
SITE_017,2024-03-25,229.18,348.52,7,232.48734317688803,1
SITE_017,2024-04-01,201.01,313.47,7,216.87815544015857,1
SITE_017,2024-04-08,210.8,331.64,7,224.96999399012645,1
SITE_017,2024-04-15,165.39,322.72,7,220.99755591276192,1
SITE_017,2024-04-22,184.96,270.84000000000003,7,197.8932860188525,1
SITE_017,2024-04-29,289.5,338.22,7,227.90033508307025,1
SITE_017,2024-05-06,155.74,327.92,7,223.31332698925246,1
SITE_017,2024-05-13,161.87,271.76,7,198.30299936315464,1
SITE_018,2024-03-25,244.13,321.22,7,219.9420566453545,1
SITE_018,2024-04-01,213.7,292.6,7,214.47610016904588,1
SITE_018,2024-04-08,196.63,242.41,7,204.89062303606443,1
SITE_018,2024-04-15,238.09,315.28,7,218.8076128483848,1
SITE_018,2024-04-22,175.97,298.44,7,215.59144558559524,1
SITE_018,2024-04-29,211.32999999999998,322.75,7,220.2342618657861,1
SITE_018,2024-05-06,202.43,341.64,7,223.84194592719314,1
SITE_018,2024-05-13,208.92,255.45,7,207.38105184288008,1
SITE_019,2024-03-25,64.53999999999999,64.53999999999999,7,64.63650755613202,1
SITE_019,2024-04-01,72.21,74.28999999999999,7,74.29128370269522,1
SITE_019,2024-04-08,66.52,66.52,7,66.59716978897255,1
SITE_019,2024-04-15,95.14,95.14,7,94.93765115457654,1
SITE_019,2024-04-22,90.34,90.34,7,90.18453059011466,1
SITE_019,2024-04-29,83.44,83.44,7,83.35191977870069,1
SITE_019,2024-05-06,70.43,71.87,7,71.8949187514457,1
SITE_019,2024-05-13,106.55,106.55,7,106.23621482968281,1
SITE_020,2024-03-25,184.51,339.27,7,224.58265861307558,1
SITE_020,2024-04-01,194.37,322.26,7,217.98104941269878,1
SITE_020,2024-04-08,170.94,304.67,7,211.15434125075714,1
SITE_020,2024-04-15,257.2,310.51,7,213.42085493272072,1
SITE_020,2024-04-22,151.42,257.78,7,192.95625451321052,1
SITE_020,2024-04-29,169.46,286.14,7,203.96281753041723,1
SITE_020,2024-05-06,198.32999999999998,281.15999999999997,7,202.03007127422222,1
SITE_020,2024-05-13,234.37,320.76,7,217.39889692589307,1
SITE_021,2024-03-25,181.49,260.89,7,205.2586833923853,1
SITE_021,2024-04-01,213.31,329.43,7,214.15418497975003,1
SITE_021,2024-04-08,227.01,257.4,7,204.80573182337594,1
SITE_021,2024-04-15,232.07999999999998,320.63,7,213.01207214098713,1
SITE_021,2024-04-22,197.64000000000001,318.38,7,212.72005465380343,1
SITE_021,2024-04-29,156.36,315.08000000000004,7,212.29176233926734,1
SITE_021,2024-05-06,239.55,358.74,7,217.95819944612967,1
SITE_021,2024-05-13,280.91,303.78000000000003,7,210.82518562585588,1
SITE_022,2024-03-25,182.12,334.12,7,222.9072711296853,1
SITE_022,2024-04-01,240.84,331.69,7,221.9900279639948,1
SITE_022,2024-04-08,251.14,308.0,7,213.04785076432074,1
SITE_022,2024-04-15,178.82,260.85,7,195.25031361933844,1
SITE_022,2024-04-22,234.01999999999998,300.24,7,210.11871209528442,1
SITE_022,2024-04-29,197.09,214.16,7,177.62641098308762,1
SITE_022,2024-05-06,183.79,301.57,7,210.62074230531255,1
SITE_022,2024-05-13,230.20999999999998,328.93,7,220.9482209116056,1
SITE_023,2024-03-25,75.28,75.28,7,73.04628950291254,1
SITE_023,2024-04-01,81.66,81.66,7,79.2650660006967,1
SITE_023,2024-04-08,105.17,105.17,7,102.18096497607375,1
SITE_023,2024-04-15,104.91999999999999,104.91999999999999,7,101.93728251142701,1
SITE_023,2024-04-22,85.78,85.78,7,83.28095301807456,1
SITE_023,2024-04-29,77.6,77.6,7,75.30766277483406,1
SITE_023,2024-05-06,89.64,89.64,7,87.04341027221983,1
SITE_023,2024-05-13,88.52,88.52,7,85.95171283060255,1
SITE_024,2024-03-25,172.96,242.22,7,222.70705463936235,1
SITE_024,2024-04-01,197.86,240.28,7,221.11090804433667,1
SITE_024,2024-04-08,114.72,114.72,7,117.80566759514691,1
SITE_024,2024-04-15,185.3,185.3,7,175.87578443891732,1
SITE_024,2024-04-22,118.8,118.8,7,121.16251198056182,1
SITE_024,2024-04-29,224.17,224.17,7,207.85630925780873,1
SITE_024,2024-05-06,223.47,223.47,7,207.28038007403654,1
SITE_024,2024-05-13,132.16,162.88,7,157.42959543867175,1
SITE_025,2024-03-25,189.51,239.29000000000002,7,190.5146404474289,1
SITE_025,2024-04-01,240.81,281.63,7,207.875763836163,1
SITE_025,2024-04-08,209.07,301.41,7,215.98636895258153,1
SITE_025,2024-04-15,212.32,282.88,7,208.3883147156131,1
SITE_025,2024-04-22,269.12,269.12,7,202.7461546346263,1
SITE_025,2024-04-29,219.17000000000002,308.06,7,218.71313963125613,1
SITE_025,2024-05-06,255.05,279.77,7,207.11308812754123,1
SITE_025,2024-05-13,136.94,272.8,7,204.25510442372743,1
SITE_026,2024-03-25,159.71,159.71,7,130.7326894705652,1
SITE_026,2024-04-01,124.75999999999999,135.29,7,111.5986567154054,1
SITE_026,2024-04-08,252.87,257.88,7,207.65275480938732,1
SITE_026,2024-04-15,185.54999999999998,241.51,7,194.82621442437642,1
SITE_026,2024-04-22,216.68,216.68,7,175.37093050502273,1
SITE_026,2024-04-29,221.07,221.07,7,178.81066858017226,1
SITE_026,2024-05-06,88.09,88.09,7,74.61559586186151,1
SITE_026,2024-05-13,217.69,217.69,7,176.16230532413456,1
SITE_027,2024-03-25,76.89,76.89,7,77.08902674430989,1
SITE_027,2024-04-01,98.96000000000001,98.96000000000001,7,98.88430180910129,1
SITE_027,2024-04-08,91.06,91.06,7,91.08264014114243,1
SITE_027,2024-04-15,69.91,69.91,7,70.19591301742979,1
SITE_027,2024-04-22,81.42,81.42,7,81.56263780201289,1
SITE_027,2024-04-29,82.23,82.23,7,82.36255501100614,1
SITE_027,2024-05-06,102.46000000000001,102.46000000000001,7,102.34073419364003,1
SITE_027,2024-05-13,87.39,87.39,7,87.45832389792609,1
SITE_028,2024-03-25,225.56,225.56,7,202.167590685257,1
SITE_028,2024-04-01,214.28,214.28,7,195.07391522525538,1
SITE_028,2024-04-08,136.63,166.95999999999998,7,165.31569512177333,1
SITE_028,2024-04-15,85.6,106.2,7,127.10543617233196,1
SITE_028,2024-04-22,157.11,157.11,7,159.1213065330308,1
SITE_028,2024-04-29,109.69,109.69,7,129.30019923575446,1
SITE_028,2024-05-06,199.45000000000002,199.45000000000002,7,185.74774438555465,1
SITE_028,2024-05-13,136.17000000000002,159.73000000000002,7,160.76895101044255,1
SITE_029,2024-03-25,50.38,51.8,7,51.00555584477824,1
SITE_029,2024-04-01,84.74000000000001,84.74000000000001,7,83.6266634025493,1
SITE_029,2024-04-08,83.07,83.07,7,81.97283068787176,1
SITE_029,2024-04-15,100.52000000000001,100.52000000000001,7,99.25389707776567,1
SITE_029,2024-04-22,78.74,78.74,7,77.6847494576001,1
SITE_029,2024-04-29,100.18,100.18,7,98.91718862088521,1
SITE_029,2024-05-06,80.18,80.18,7,79.11080880438791,1
SITE_029,2024-05-13,95.63,95.63,7,94.41123721263207,1
SITE_030,2024-03-25,224.68,328.4,7,216.88923023058476,1
SITE_030,2024-04-01,177.08,288.28,7,206.96341521734433,1
SITE_030,2024-04-08,194.79,288.67,7,207.05990245201943,1
SITE_030,2024-04-15,234.41,255.23000000000002,7,198.78674058654687,1
SITE_030,2024-04-22,176.31,267.85,7,201.90896853936576,1
SITE_030,2024-04-29,218.61,294.22,7,208.43299002239542,1
SITE_030,2024-05-06,180.42000000000002,277.15,7,204.2098179816174,1
SITE_030,2024-05-13,219.55,318.54,7,214.44983501546636,1
SITE_001,2024-05-20,247.98,307.90999999999997,7,215.8735996033446,2
SITE_001,2024-05-27,171.63,247.79000000000002,7,194.82403342430766,2
SITE_001,2024-06-03,165.98000000000002,319.63,7,219.97707458036243,2
SITE_001,2024-06-10,179.24,322.48,7,220.9749332565144,2
SITE_001,2024-06-17,188.98,270.17,7,202.65984997598508,2
SITE_001,2024-06-24,163.82,241.84,7,192.74078460918338,2
SITE_001,2024-07-01,178.94,281.84000000000003,7,206.74581866043886,2
SITE_001,2024-07-08,167.8,324.77,7,221.77672145594875,2
SITE_002,2024-05-20,75.32,75.32,7,75.4170368822788,2
SITE_002,2024-05-27,113.66999999999999,113.66999999999999,7,113.06997687298158,2
SITE_002,2024-06-03,83.09,83.09,7,83.04580725327648,2
SITE_002,2024-06-10,85.21000000000001,85.21000000000001,7,85.12727355784727,2
SITE_002,2024-06-17,85.25,85.25,7,85.16654650699012,2
SITE_002,2024-06-24,58.51,58.51,7,58.91258000499812,2
SITE_002,2024-07-01,70.5,70.5,7,70.68464651056595,2
SITE_002,2024-07-08,92.63,92.63,7,92.41240562384505,2
SITE_003,2024-05-20,176.42000000000002,275.56,7,198.10357608325697,2
SITE_003,2024-05-27,212.47,296.41,7,207.5712612683763,2
SITE_003,2024-06-03,240.21,324.16,7,220.17213723418263,2
SITE_003,2024-06-10,206.87,302.12,7,210.16409016079987,2
SITE_003,2024-06-17,165.58,299.93,7,209.16964265214705,2
SITE_003,2024-06-24,248.26,295.57,7,207.1898293472492,2
SITE_003,2024-07-01,230.64,303.48,7,210.7816466045295,2
SITE_003,2024-07-08,273.65,314.28,7,215.68577130473517,2
SITE_004,2024-05-20,89.17,89.17,7,89.08534346806312,2
SITE_004,2024-05-27,74.52,74.52,7,74.91806156916384,2
SITE_004,2024-06-03,89.2,89.2,7,89.1143549668322,2
SITE_004,2024-06-10,61.91,61.91,7,62.72356158656179,2
SITE_004,2024-06-17,75.35,75.35,7,75.7207130351083,2
SITE_004,2024-06-24,69.3,69.3,7,69.87006078334444,2
SITE_004,2024-07-01,92.03999999999999,92.03999999999999,7,91.8607768503048,2
SITE_004,2024-07-08,80.74,80.74,7,80.93311231395246,2
SITE_005,2024-05-20,209.01,304.4,7,213.89818030867522,2
SITE_005,2024-05-27,193.64,292.97,7,211.5458906420068,2
SITE_005,2024-06-03,181.10999999999999,277.18,7,208.29631462829775,2
SITE_005,2024-06-10,216.56,216.56,7,195.820741610499,2
SITE_005,2024-06-17,232.0,350.94,7,223.47609466447125,2
SITE_005,2024-06-24,219.64,277.16,7,208.29219863588014,2
SITE_005,2024-07-01,257.68,325.57,7,218.2549582827234,2
SITE_005,2024-07-08,199.88,264.76,7,205.74028333695728,2
SITE_006,2024-05-20,158.02,226.73000000000002,7,186.98247606824668,2
SITE_006,2024-05-27,164.0,164.0,7,143.3303538230184,2
SITE_006,2024-06-03,295.68,360.52,7,280.0833438378798,2
SITE_006,2024-06-10,89.97999999999999,244.4,7,199.27855450078584,2
SITE_006,2024-06-17,217.32,217.32,7,180.43430979489105,2
SITE_006,2024-06-24,191.94,197.67000000000002,7,166.76040253969043,2
SITE_006,2024-07-01,261.23,265.35,7,213.8570968415723,2
SITE_006,2024-07-08,197.92,238.67,7,195.29120139278078,2
SITE_007,2024-05-20,212.46,331.29,7,217.84176444238727,2
SITE_007,2024-05-27,166.44,299.65999999999997,7,213.02497767417947,2
SITE_007,2024-06-03,192.43,277.40999999999997,7,209.63662782932886,2
SITE_007,2024-06-10,204.16,280.51,7,210.10871252681366,2
SITE_007,2024-06-17,271.94,334.02,7,218.25750354694648,2
SITE_007,2024-06-24,144.73000000000002,162.7,7,192.1679711685284,2
SITE_007,2024-07-01,245.70999999999998,287.63,7,211.19298447716585,2
SITE_007,2024-07-08,178.69,303.94,7,213.67675912748106,2
SITE_008,2024-05-20,204.67000000000002,305.77,7,211.95160374549192,2
SITE_008,2024-05-27,218.88,294.86,7,209.390992403243,2
SITE_008,2024-06-03,189.48000000000002,267.05,7,202.86389786355988,2
SITE_008,2024-06-10,202.99,307.26,7,212.3013114356799,2
SITE_008,2024-06-17,211.72,285.33,7,207.15427140492653,2
SITE_008,2024-06-24,184.84,328.34,7,217.24885379082264,2
SITE_008,2024-07-01,199.42000000000002,280.35,7,205.98544972899623,2
SITE_008,2024-07-08,275.09000000000003,293.55,7,209.0835312796549,2
SITE_009,2024-05-20,91.53,91.53,7,91.12602548431293,2
SITE_009,2024-05-27,78.61,78.61,7,78.55887044199773,2
SITE_009,2024-06-03,71.12,71.12,7,71.27342220152242,2
SITE_009,2024-06-10,106.27,106.27,7,105.46347636076231,2
SITE_009,2024-06-17,105.81,107.57000000000001,7,106.7279733851439,2
SITE_009,2024-06-24,85.97,85.97,7,85.71786898003486,2
SITE_009,2024-07-01,94.53999999999999,94.53999999999999,7,94.05382244076561,2
SITE_009,2024-07-08,92.62,92.62,7,92.18625760475594,2
SITE_010,2024-05-20,219.07,324.78,7,223.680764918435,2
SITE_010,2024-05-27,225.13,326.73,7,224.3340091751081,2
SITE_010,2024-06-03,163.02,301.14,7,215.7614345452288,2
SITE_010,2024-06-10,187.96,299.21,7,215.1148902296498,2
SITE_010,2024-06-17,230.62,302.88,7,216.34432942041406,2
SITE_010,2024-06-24,206.36,255.42000000000002,7,200.44536920415493,2
SITE_010,2024-07-01,218.72,260.38,7,202.10695459548754,2
SITE_010,2024-07-08,222.15,314.15999999999997,7,220.12309619747685,2
SITE_011,2024-05-20,186.77,282.29,7,204.6741195384136,2
SITE_011,2024-05-27,218.91,273.65,7,203.22617564806367,2
SITE_011,2024-06-03,245.6,275.58,7,203.54961681801453,2
SITE_011,2024-06-10,185.16,270.89,7,202.76363801642412,2
SITE_011,2024-06-17,209.85,327.36,7,212.22722499420894,2
SITE_011,2024-06-24,266.27,340.46999999999997,7,214.42427874449686,2
SITE_011,2024-07-01,188.66,292.64,7,206.40863565706198,2
SITE_011,2024-07-08,230.92,331.65,7,212.94616935643128,2
SITE_012,2024-05-20,58.239999999999995,58.239999999999995,7,59.09322837840359,2
SITE_012,2024-05-27,79.67,79.67,7,79.64949607530706,2
SITE_012,2024-06-03,112.00999999999999,112.00999999999999,7,110.670947186733,2
SITE_012,2024-06-10,117.67999999999999,117.67999999999999,7,116.10977303094404,2
SITE_012,2024-06-17,67.53999999999999,67.53999999999999,7,68.01405383716244,2
SITE_012,2024-06-24,76.48,76.48,7,76.58955702009838,2
SITE_012,2024-07-01,83.3,83.3,7,83.13149568985486,2
SITE_012,2024-07-08,70.82,70.82,7,71.16032346132685,2
SITE_013,2024-05-20,159.99,272.28000000000003,7,236.80778070242826,2
SITE_013,2024-05-27,149.96,200.61,7,176.90851788022275,2
SITE_013,2024-06-03,153.65,187.89000000000001,7,166.27758969411343,2
SITE_013,2024-06-10,166.47,194.95,7,172.1780891433219,2
SITE_013,2024-06-17,129.34,129.34,7,117.34356097581944,2
SITE_013,2024-06-24,179.73,179.73,7,159.45774897094896,2
SITE_013,2024-07-01,212.25,212.25,7,186.63682008826615,2
SITE_013,2024-07-08,179.15,179.15,7,158.97300539013582,2
SITE_014,2024-05-20,277.52,306.67,7,272.70145745985803,2
SITE_014,2024-05-27,201.19,201.19,7,180.5836093628995,2
SITE_014,2024-06-03,143.5,143.5,7,130.20174875696915,2
SITE_014,2024-06-10,181.6,247.68,7,221.1842801822738,2
SITE_014,2024-06-17,180.48,180.48,7,162.49714146293732,2
SITE_014,2024-06-24,189.16,189.16,7,170.07756354751828,2
SITE_014,2024-07-01,267.27,267.27,7,238.29262910358034,2
SITE_014,2024-07-08,324.18,337.01,7,299.1980019352251,2
SITE_015,2024-05-20,94.13,94.13,7,94.03135784567819,2
SITE_015,2024-05-27,70.08,70.08,7,71.00907223456065,2
SITE_015,2024-06-03,92.62,92.62,7,92.58588378028163,2
SITE_015,2024-06-10,74.33,74.33,7,75.07745950471656,2
SITE_015,2024-06-17,96.09,96.09,7,95.9076023279148,2
SITE_015,2024-06-24,94.34,94.34,7,94.23238404020354,2
SITE_015,2024-07-01,107.55,107.55,7,106.87788894344108,2
SITE_015,2024-07-08,71.83,71.83,7,72.6842905222719,2
SITE_016,2024-05-20,176.75,218.1,7,185.2866129736791,2
SITE_016,2024-05-27,181.35999999999999,255.56,7,210.95141954870854,2
SITE_016,2024-06-03,167.03,167.03,7,150.29724640168888,2
SITE_016,2024-06-10,37.25,37.25,7,61.381640493858626,2
SITE_016,2024-06-17,161.34,163.41,7,147.8170915751644,2
SITE_016,2024-06-24,106.73,106.73,7,108.98417014770394,2
SITE_016,2024-07-01,196.32,196.32,7,170.3645764759711,2
SITE_016,2024-07-08,104.09,114.63,7,114.39666272492585,2
SITE_017,2024-05-20,263.11,274.9,7,198.60251796275662,2
SITE_017,2024-05-27,195.97,309.23,7,213.78120761313747,2
SITE_017,2024-06-03,247.93,281.07,7,201.33052597740414,2
SITE_017,2024-06-10,195.61,326.19,7,221.27991359829502,2
SITE_017,2024-06-17,183.65,361.24,7,236.77694454049862,2
SITE_017,2024-06-24,224.2,306.54,7,212.59184917563312,2
SITE_017,2024-07-01,238.84,318.02,7,217.66762421747325,2
SITE_017,2024-07-08,205.25,279.22,7,200.512565713693,2
SITE_018,2024-05-20,173.93,349.56,7,225.0982193239714,2
SITE_018,2024-05-27,158.39,291.33,7,213.95568863233748,2
SITE_018,2024-06-03,208.48,295.34,7,214.7230172958005,2
SITE_018,2024-06-10,210.57,329.46,7,221.25200831758565,2
SITE_018,2024-06-17,215.38,357.05,7,226.53145914674897,2
SITE_018,2024-06-24,199.13,346.36,7,224.48588722345227,2
SITE_018,2024-07-01,182.3,218.69,7,200.0557499505534,2
SITE_018,2024-07-08,271.93,333.93,7,222.10735972049832,2
SITE_019,2024-05-20,76.84,76.84,7,76.5690219081584,2
SITE_019,2024-05-27,86.2,86.2,7,85.85743774926122,2
SITE_019,2024-06-03,86.62,86.62,7,86.27422563956712,2
SITE_019,2024-06-10,89.55,89.55,7,89.18181735051063,2
SITE_019,2024-06-17,92.67,92.67,7,92.27795596421159,2
SITE_019,2024-06-24,62.010000000000005,64.14,7,63.96614998700391,2
SITE_019,2024-07-01,46.92,46.92,7,46.87784648446217,2
SITE_019,2024-07-08,85.2,90.25,7,89.8764638343538,2
SITE_020,2024-05-20,220.14,336.67,7,222.7471412605464,2
SITE_020,2024-05-27,214.28,324.85,7,218.1076341418909,2
SITE_020,2024-06-03,235.54000000000002,276.32,7,199.05896405150577,2
SITE_020,2024-06-10,206.75,340.99,7,224.44279868462357,2
SITE_020,2024-06-17,166.92,292.08,7,205.24497354304646,2
SITE_020,2024-06-24,260.35,322.11,7,217.03214772013825,2
SITE_020,2024-07-01,212.76999999999998,303.8,7,209.8452293324409,2
SITE_020,2024-07-08,156.97,327.34000000000003,7,219.08499224049092,2
SITE_021,2024-05-20,224.32999999999998,295.64,7,210.31265131224546,2
SITE_021,2024-05-27,190.47,264.54,7,206.1564183040856,2
SITE_021,2024-06-03,178.99,268.91,7,206.7404291801518,2
SITE_021,2024-06-10,215.89,308.51,7,212.03261011658685,2
SITE_021,2024-06-17,202.3,339.08,7,216.11801343039545,2
SITE_021,2024-06-24,134.61,238.13,7,202.6269612704682,2
SITE_021,2024-07-01,231.8,351.68,7,217.80188918289753,2
SITE_021,2024-07-08,199.2,229.77,7,201.50972307277635,2
SITE_022,2024-05-20,199.87,281.42,7,203.47282651801692,2
SITE_022,2024-05-27,246.54,246.54,7,190.68306506450048,2
SITE_022,2024-06-03,242.52,312.97,7,215.04154709882093,2
SITE_022,2024-06-10,201.32,313.63,7,215.28355519971888,2
SITE_022,2024-06-17,214.44,320.16,7,217.6779686828457,2
SITE_022,2024-06-24,166.5,291.67,7,207.23128566075042,2
SITE_022,2024-07-01,193.36,249.56,7,191.79043546557904,2
SITE_022,2024-07-08,248.67,319.48,7,217.42862700313262,2
SITE_023,2024-05-20,109.73,109.73,7,109.22623716721675,2
SITE_023,2024-05-27,57.26,57.26,7,57.94593230673977,2
SITE_023,2024-06-03,71.87,71.87,7,72.2246678510807,2
SITE_023,2024-06-10,61.04,61.04,7,61.64022528125098,2
SITE_023,2024-06-17,71.69,71.69,7,72.04874913800873,2
SITE_023,2024-06-24,64.87,64.87,7,65.38338456494884,2
SITE_023,2024-07-01,80.93,80.93,7,81.0792430757028,2
SITE_023,2024-07-08,95.57,95.57,7,95.38729840555573,2
SITE_024,2024-05-20,211.91,248.64,7,225.01465063352634,2
SITE_024,2024-05-27,222.14,222.14,7,203.302538058961,2
SITE_024,2024-06-03,200.47,200.47,7,185.54776524798626,2
SITE_024,2024-06-10,224.87,224.87,7,205.53929531664267,2
SITE_024,2024-06-17,309.83,309.83,7,275.1491475557019,2
SITE_024,2024-06-24,143.74,143.74,7,139.06745783836018,2
SITE_024,2024-07-01,284.69,284.69,7,254.55131698496336,2
SITE_024,2024-07-08,219.26,219.26,7,200.94288205085732,2
SITE_025,2024-05-20,207.56,273.3,7,205.8681221321062,2
SITE_025,2024-05-27,204.2,307.71,7,219.56823609409167,2
SITE_025,2024-06-03,143.47,274.78,7,206.45737434552493,2
SITE_025,2024-06-10,201.57999999999998,326.2,7,226.92990732795136,2
SITE_025,2024-06-17,227.15,299.38,7,216.2517016766741,2
SITE_025,2024-06-24,217.29,266.53999999999996,7,203.17667283297737,2
SITE_025,2024-07-01,310.07,310.07,7,220.5078544884621,2
SITE_025,2024-07-08,191.44,295.73,7,214.79847831249953,2
SITE_026,2024-05-20,275.99,275.99,7,229.26073259426246,2
SITE_026,2024-05-27,247.95,247.95,7,207.49642629356808,2
SITE_026,2024-06-03,259.52,259.52,7,216.476919299953,2
SITE_026,2024-06-10,143.92,143.92,7,126.74960801748986,2
SITE_026,2024-06-17,291.91,343.85,7,281.93283764294716,2
SITE_026,2024-06-24,204.99,254.27,7,212.40193327717682,2
SITE_026,2024-07-01,146.6,146.6,7,128.8297913586404,2
SITE_026,2024-07-08,286.24,299.15,7,247.23724236330955,2
SITE_027,2024-05-20,75.38,75.38,7,75.54983806164222,2
SITE_027,2024-05-27,66.72999999999999,66.72999999999999,7,67.00138311555169,2
SITE_027,2024-06-03,64.5,64.5,7,64.79756178262893,2
SITE_027,2024-06-10,68.88,68.88,7,69.1261435934817,2
SITE_027,2024-06-17,83.1,83.1,7,83.17921056844209,2
SITE_027,2024-06-24,78.34,78.34,7,78.47508969637379,2
SITE_027,2024-07-01,99.19999999999999,99.19999999999999,7,99.09020763573199,2
SITE_027,2024-07-08,77.12,77.12,7,77.26941165773444,2
SITE_028,2024-05-20,267.69,267.69,7,225.1498249518,2
SITE_028,2024-05-27,222.57,222.57,7,196.06636843441675,2
SITE_028,2024-06-03,176.61,176.61,7,166.44146458825244,2
SITE_028,2024-06-10,333.6,333.6,7,267.6341028565148,2
SITE_028,2024-06-17,246.74,246.74,7,211.64587073993877,2
SITE_028,2024-06-24,229.84,229.84,7,200.75246614898626,2
SITE_028,2024-07-01,58.55,58.55,7,90.3423316883795,2
SITE_028,2024-07-08,169.15,169.15,7,161.63289664455388,2
SITE_029,2024-05-20,69.42999999999999,69.42999999999999,7,69.53481503732144,2
SITE_029,2024-05-27,80.05000000000001,80.05000000000001,7,80.07333760265648,2
SITE_029,2024-06-03,60.87,60.87,7,61.04048799784236,2
SITE_029,2024-06-10,91.62,91.62,7,91.55457169690565,2
SITE_029,2024-06-17,72.51,72.51,7,72.59118504685364,2
SITE_029,2024-06-24,71.05,72.55,7,72.63087816386054,2
SITE_029,2024-07-01,86.48,89.24000000000001,7,89.19283123499443,2
SITE_029,2024-07-08,82.6,82.6,7,82.60377381184708,2
SITE_030,2024-05-20,225.5,344.56,7,220.7593162340654,2
SITE_030,2024-05-27,198.78,268.01,7,201.59578638030877,2
SITE_030,2024-06-03,207.77,341.72,7,220.04835052819124,2
SITE_030,2024-06-10,133.4,270.39,7,202.1915956690343,2
SITE_030,2024-06-17,197.34,278.7,7,204.27192137882815,2
SITE_030,2024-06-24,267.24,312.48,7,212.7284078381345,2
SITE_030,2024-07-01,164.72,279.46,7,204.46217980716068,2
SITE_030,2024-07-08,205.91,329.71,7,217.04176668046273,2
SITE_001,2024-07-15,192.86,230.01,7,186.46655167563102,3
SITE_001,2024-07-22,186.37,297.3,7,210.51825578813364,3
SITE_001,2024-07-29,227.28,303.88,7,212.87016859925367,3
SITE_001,2024-08-05,278.86,290.23,7,207.99120053363234,3
SITE_001,2024-08-12,188.93,317.62,7,217.78130568508794,3
SITE_001,2024-08-19,173.05,268.87,7,200.35641973644022,3
SITE_001,2024-08-26,212.07,287.43,7,206.9903865714536,3
SITE_001,2024-09-02,227.69,255.52,7,195.58468173819517,3
SITE_002,2024-07-15,49.980000000000004,52.25,7,52.739241557618925,3
SITE_002,2024-07-22,87.46,89.56,7,89.43265855107094,3
SITE_002,2024-07-29,76.11,81.55,7,81.55503137021995,3
SITE_002,2024-08-05,83.41999999999999,83.41999999999999,7,83.3941278531402,3
SITE_002,2024-08-12,109.84,113.67,7,113.14421801802693,3
SITE_002,2024-08-19,76.13,83.15,7,83.12858985828008,3
SITE_002,2024-08-26,96.84,102.55,7,102.20798652600907,3
SITE_002,2024-09-02,80.5,93.91,7,93.7107706904844,3
SITE_003,2024-07-15,155.88,269.4,7,195.3833477652855,3
SITE_003,2024-07-22,191.96,320.64,7,219.65486523084542,3
SITE_003,2024-07-29,213.81,297.5,7,208.6938403644704,3
SITE_003,2024-08-05,159.79000000000002,245.36,7,183.99600818932805,3
SITE_003,2024-08-12,180.23,297.01,7,208.4617356892533,3
SITE_003,2024-08-19,225.49,313.0,7,216.0359270295012,3
SITE_003,2024-08-26,193.33,240.65,7,181.76496120917997,3
SITE_003,2024-09-02,231.28,263.86,7,192.7591438863003,3
SITE_004,2024-07-15,56.84,56.84,7,57.60800321521904,3
SITE_004,2024-07-22,88.17,89.66,7,89.38397478497689,3
SITE_004,2024-07-29,65.14,66.53999999999999,7,66.9994390539348,3
SITE_004,2024-08-05,72.27,77.02,7,77.1460625167947,3
SITE_004,2024-08-12,74.77,78.65,7,78.72421101340365,3
SITE_004,2024-08-19,66.12,69.28999999999999,7,69.6619595236738,3
SITE_004,2024-08-26,75.86,80.6,7,80.61218007376402,3
SITE_004,2024-09-02,82.15,87.52,7,87.31204976488908,3
SITE_005,2024-07-15,165.08,229.91,7,198.9962272201559,3
SITE_005,2024-07-22,203.85,261.78,7,205.63639700308187,3
SITE_005,2024-07-29,203.71,313.28,7,216.36651133695977,3
SITE_005,2024-08-05,268.45,338.9,7,221.70448277839574,3
SITE_005,2024-08-12,221.2,293.75,7,212.29740195947173,3
SITE_005,2024-08-19,159.62,262.23,7,205.73015528366918,3
SITE_005,2024-08-26,268.45,336.67,7,221.23985841015212,3
SITE_005,2024-09-02,195.48,266.8,7,206.68232271096667,3
SITE_006,2024-07-15,197.32,241.81,7,198.77199177935796,3
SITE_006,2024-07-22,151.21,199.03,7,169.1025574069161,3
SITE_006,2024-07-29,124.86,241.68,7,198.6818322078662,3
SITE_006,2024-08-05,169.15,302.24,7,240.68232181971933,3
SITE_006,2024-08-12,183.6,290.36,7,232.44312405570327,3
SITE_006,2024-08-19,162.28,203.64,7,172.29975451904693,3
SITE_006,2024-08-26,182.15,198.32,7,168.61014743953803,3
SITE_006,2024-09-02,201.29,332.81,7,261.88369182358906,3
SITE_007,2024-07-15,179.01999999999998,260.39,7,200.12033507002835,3
SITE_007,2024-07-22,235.31,319.63,7,211.17697147773654,3
SITE_007,2024-07-29,185.01999999999998,255.60999999999999,7,199.22818918838004,3
SITE_007,2024-08-05,202.98999999999998,306.2,7,208.67037750482092,3
SITE_007,2024-08-12,261.18,291.82,7,205.98647420396264,3
SITE_007,2024-08-19,225.17000000000002,249.26,7,198.04301631213178,3
SITE_007,2024-08-26,227.26,260.35,7,200.11286941411498,3
SITE_007,2024-09-02,214.88,323.08,7,211.82088430026513,3
SITE_008,2024-07-15,178.19,292.52,7,208.97029435174147,3
SITE_008,2024-07-22,130.88,333.8,7,218.4060866235351,3
SITE_008,2024-07-29,255.0,255.0,7,200.39396377912288,3
SITE_008,2024-08-05,164.78,336.24,7,218.96382240704227,3
SITE_008,2024-08-12,125.19,323.9,7,216.14314225602647,3
SITE_008,2024-08-19,217.75,357.84000000000003,7,223.90115557251568,3
SITE_008,2024-08-26,216.51,290.79,7,208.57485053802534,3
SITE_008,2024-09-02,201.85,331.8,7,217.9489261452505,3
SITE_009,2024-07-15,78.07,78.07,7,78.37355139819275,3
SITE_009,2024-07-22,64.27,64.27,7,64.94849750365006,3
SITE_009,2024-07-29,83.88,83.88,7,84.0256936537937,3
SITE_009,2024-08-05,77.11,80.84,7,81.06829047702487,3
SITE_009,2024-08-12,68.41,74.25999999999999,7,74.66706912730812,3
SITE_009,2024-08-19,71.85000000000001,80.45,7,80.68888678000519,3
SITE_009,2024-08-26,72.37,80.36,7,80.60133208069296,3
SITE_009,2024-09-02,66.8,81.19,7,81.40878097435022,3
SITE_010,2024-07-15,216.36,330.26,7,224.10280067648432,3
SITE_010,2024-07-22,187.82,312.56,7,218.2409925362581,3
SITE_010,2024-07-29,225.43,322.27,7,221.45670762335396,3
SITE_010,2024-08-05,166.77,318.84000000000003,7,220.32077531143443,3
SITE_010,2024-08-12,173.93,319.46999999999997,7,220.5294159401543,3
SITE_010,2024-08-19,230.83,324.18,7,222.08925302153656,3
SITE_010,2024-08-26,176.66,299.27,7,213.83966879707125,3
SITE_010,2024-09-02,186.39,288.09000000000003,7,210.1371255762956,3
SITE_011,2024-07-15,221.19,348.86,7,217.01859514061078,3
SITE_011,2024-07-22,219.77,313.15999999999997,7,210.5462082253457,3
SITE_011,2024-07-29,191.93,313.03,7,210.52263930940777,3
SITE_011,2024-08-05,229.12,232.35,7,195.89540747961541,3
SITE_011,2024-08-12,231.76,301.64,7,208.4576396745375,3
SITE_011,2024-08-19,227.59,313.64,7,210.63323191496272,3
SITE_011,2024-08-26,206.66,298.74,7,207.93187154976806,3
SITE_011,2024-09-02,211.22,313.32,7,210.5752161218847,3
SITE_012,2024-07-15,74.81,74.81,7,74.92707523814519,3
SITE_012,2024-07-22,73.96,73.96,7,74.1062460241153,3
SITE_012,2024-07-29,87.97999999999999,92.56,7,92.06792058994581,3
SITE_012,2024-08-05,64.34,72.46,7,72.65772388170961,3
SITE_012,2024-08-12,113.87,116.43,7,115.11873628276166,3
SITE_012,2024-08-19,79.61,87.3,7,86.98843627724321,3
SITE_012,2024-08-26,64.32,71.59,7,71.81758103911432,3
SITE_012,2024-09-02,65.22,72.96000000000001,7,73.14056459584485,3
SITE_013,2024-07-15,227.62,227.62,7,198.62786940574455,3
SITE_013,2024-07-22,240.7,298.63,7,257.0724576215766,3
SITE_013,2024-07-29,118.76,165.38,7,147.40140594210015,3
SITE_013,2024-08-05,167.81,170.09,7,151.27795868814394,3
SITE_013,2024-08-12,209.76,209.76,7,183.92824476788,3
SITE_013,2024-08-19,182.23000000000002,196.01,7,172.61134450076705,3
SITE_013,2024-08-26,245.41,257.29,7,223.04768256394394,3
SITE_013,2024-09-02,142.54999999999998,160.04,7,143.00633340199954,3
SITE_014,2024-07-15,118.59,126.55,7,115.74354920813514,3
SITE_014,2024-07-22,165.63,165.63,7,150.03076755968192,3
SITE_014,2024-07-29,231.69,231.69,7,207.9891514978391,3
SITE_014,2024-08-05,163.07,204.43,7,184.0723251860897,3
SITE_014,2024-08-12,132.99,360.32,7,320.843933907242,3
SITE_014,2024-08-19,164.96,219.13,7,196.96951325588856,3
SITE_014,2024-08-26,200.62,233.79000000000002,7,209.83160693638183,3
SITE_014,2024-09-02,217.82,328.55,7,292.970215201289,3
SITE_015,2024-07-15,89.0,90.7,7,90.57075152699332,3
SITE_015,2024-07-22,86.49000000000001,86.49000000000001,7,86.52455680369496,3
SITE_015,2024-07-29,79.68,83.21,7,83.3721770667784,3
SITE_015,2024-08-05,81.3,88.3,7,88.26413220729829,3
SITE_015,2024-08-12,72.53999999999999,82.55,7,82.73785675386227,3
SITE_015,2024-08-19,83.61,85.8,7,85.86140374928263,3
SITE_015,2024-08-26,73.73,80.75999999999999,7,81.01750317792305,3
SITE_015,2024-09-02,64.29,70.08,7,70.75304720528017,3
SITE_016,2024-07-15,242.5,242.5,7,201.6768929669426,3
SITE_016,2024-07-22,173.84,173.84,7,154.33323296713996,3
SITE_016,2024-07-29,169.28,169.28,7,151.18894095433632,3
SITE_016,2024-08-05,211.14999999999998,217.0,7,184.09368105323784,3
SITE_016,2024-08-12,249.95999999999998,268.3,7,219.46696619727913,3
SITE_016,2024-08-19,265.41,288.16,7,233.16118535830566,3
SITE_016,2024-08-26,50.03,165.76,7,148.76176817252292,3
SITE_016,2024-09-02,94.34,133.64,7,126.61381653847604,3
SITE_017,2024-07-15,255.38,323.01,7,219.3252787090848,3
SITE_017,2024-07-22,213.31,277.68,7,201.0428938244174,3
SITE_017,2024-07-29,196.34,320.33,7,218.24438765479607,3
SITE_017,2024-08-05,162.83,282.65,7,203.0473820855424,3
SITE_017,2024-08-12,240.39999999999998,327.79,7,221.25313663427147,3
SITE_017,2024-08-19,206.46,324.56,7,219.95042092331897,3
SITE_017,2024-08-26,176.01,293.25,7,207.32254819578895,3
SITE_017,2024-09-02,190.76999999999998,331.47,7,222.73734524613064,3
SITE_018,2024-07-15,199.51999999999998,264.03,7,208.04834399057577,3
SITE_018,2024-07-22,210.96,324.87,7,219.14903058013272,3
SITE_018,2024-07-29,202.23,315.73,7,217.48137319307565,3
SITE_018,2024-08-05,198.85,340.04,7,221.9169039457405,3
SITE_018,2024-08-12,206.52,336.55,7,221.28012886031064,3
SITE_018,2024-08-19,174.13,344.19,7,222.67410068056398,3
SITE_018,2024-08-26,189.37,260.22,7,207.35318265089444,3
SITE_018,2024-09-02,273.32,289.6,7,212.7137706193557,3
SITE_019,2024-07-15,101.71000000000001,103.81,7,100.9441277227267,3
SITE_019,2024-07-22,56.15,56.15,7,53.7646766070029,3
SITE_019,2024-07-29,90.87,94.09,7,91.32213307638102,3
SITE_019,2024-08-05,64.51,71.33,7,68.79161886333289,3
SITE_019,2024-08-12,69.32,74.87,7,72.29592555552053,3
SITE_019,2024-08-19,74.98,78.39,7,75.78043390481443,3
SITE_019,2024-08-26,84.03,84.03,7,81.36356660084218,3
SITE_019,2024-09-02,70.45,74.61,7,72.03854709790221,3
SITE_020,2024-07-15,230.49,285.82,7,202.70044351701767,3
SITE_020,2024-07-22,172.21,317.55,7,214.58063567601965,3
SITE_020,2024-07-29,185.51999999999998,287.54,7,203.34443754517665,3
SITE_020,2024-08-05,201.60000000000002,313.74,7,213.15411402062105,3
SITE_020,2024-08-12,251.77,295.74,7,206.41464163291116,3
SITE_020,2024-08-19,188.63,326.09,7,217.77814090885533,3
SITE_020,2024-08-26,137.18,290.28000000000003,7,204.37033500863916,3
SITE_020,2024-09-02,249.07999999999998,337.81,7,222.1662862635198,3
SITE_021,2024-07-15,256.08,280.39,7,205.19913071419842,3
SITE_021,2024-07-22,184.07999999999998,342.54,7,216.37780763452292,3
SITE_021,2024-07-29,214.3,300.94,7,208.89537867417698,3
SITE_021,2024-08-05,181.27,276.01,7,204.41131728039275,3
SITE_021,2024-08-12,183.08999999999997,338.90999999999997,7,215.72489376130042,3
SITE_021,2024-08-19,260.75,283.41,7,205.7423262781466,3
SITE_021,2024-08-26,221.67,325.96,7,213.3956280152312,3
SITE_021,2024-09-02,192.59,308.15999999999997,7,210.19401177739087,3
SITE_022,2024-07-15,224.49,309.54,7,214.11167121181944,3
SITE_022,2024-07-22,197.11,340.3,7,224.9076808557656,3
SITE_022,2024-07-29,207.87,335.08,7,223.07558819187096,3
SITE_022,2024-08-05,173.96,264.35,7,198.2510835717048,3
SITE_022,2024-08-12,187.5,321.56,7,218.33039799726265,3
SITE_022,2024-08-19,156.91,248.84,7,192.8074519209374,3
SITE_022,2024-08-26,251.5,351.0,7,228.6631198411435,3
SITE_022,2024-09-02,203.58,320.84000000000003,7,218.0776955608634,3
SITE_023,2024-07-15,78.18,84.63,7,84.63470095804595,3
SITE_023,2024-07-22,65.97,65.97,7,66.34928835249475,3
SITE_023,2024-07-29,77.57,77.57,7,77.7164258779178,3
SITE_023,2024-08-05,93.64,95.88,7,95.65886450640882,3
SITE_023,2024-08-12,48.12,50.31,7,51.00365269317366,3
SITE_023,2024-08-19,56.300000000000004,58.290000000000006,7,58.82345937014573,3
SITE_023,2024-08-26,84.53999999999999,89.38,7,89.28934778957694,3
SITE_023,2024-09-02,91.6,101.68,7,101.34243326912035,3
SITE_024,2024-07-15,209.52,214.52,7,205.92922643637573,3
SITE_024,2024-07-22,197.89,253.66,7,238.55434932181592,3
SITE_024,2024-07-29,146.84,183.70000000000002,7,180.23923442489726,3
SITE_024,2024-08-05,145.10000000000002,205.29000000000002,7,198.23556562307442,3
SITE_024,2024-08-12,201.61,223.91,7,213.75625515109937,3
SITE_024,2024-08-19,135.36,139.79000000000002,7,143.63808097830352,3
SITE_024,2024-08-26,232.91,267.48,7,250.07400180717067,3
SITE_024,2024-09-02,115.31,164.52,7,164.25175724189413,3
SITE_025,2024-07-15,213.32,246.58,7,194.29087972987156,3
SITE_025,2024-07-22,237.82999999999998,330.21,7,228.23773257560504,3
SITE_025,2024-07-29,225.97,319.69,7,223.96748395744032,3
SITE_025,2024-08-05,223.32999999999998,311.96,7,220.8297442408611,3
SITE_025,2024-08-12,212.79,308.72,7,219.51457261321343,3
SITE_025,2024-08-19,184.56,248.9,7,195.23260756201435,3
SITE_025,2024-08-26,215.68,340.77,7,232.5242178805309,3
SITE_025,2024-09-02,178.41,307.89,7,219.17766136292096,3
SITE_026,2024-07-15,280.68,280.68,7,249.06526562580237,3
SITE_026,2024-07-22,224.28,234.55,7,212.5035501034716,3
SITE_026,2024-07-29,187.09,194.14,7,180.4753921963095,3
SITE_026,2024-08-05,300.14,361.73,7,313.30387484073646,3
SITE_026,2024-08-12,242.85,242.85,7,219.0819641254821,3
SITE_026,2024-08-19,243.91,243.91,7,219.92209892829308,3
SITE_026,2024-08-26,200.84,210.35,7,193.32311403929634,3
SITE_026,2024-09-02,252.5,263.81,7,235.6944409810653,3
SITE_027,2024-07-15,73.92,77.1,7,77.16222270116724,3
SITE_027,2024-07-22,76.42,78.47999999999999,7,78.52686748541674,3
SITE_027,2024-07-29,86.42,91.78999999999999,7,91.68876754220005,3
SITE_027,2024-08-05,84.75,84.75,7,84.72710139646344,3
SITE_027,2024-08-12,88.55,97.64,7,97.47367477977951,3
SITE_027,2024-08-19,91.51,93.15,7,93.03363486580828,3
SITE_027,2024-08-26,93.43,103.39,7,103.15969471415247,3
SITE_027,2024-09-02,85.47,91.25,7,91.15477610488504,3
SITE_028,2024-07-15,221.08,221.08,7,207.41206700675463,3
SITE_028,2024-07-22,151.88,160.31,7,165.72657074552936,3
SITE_028,2024-07-29,175.17,183.76,7,181.81221970596596,3
SITE_028,2024-08-05,201.20000000000002,201.20000000000002,7,193.77527803730987,3
SITE_028,2024-08-12,171.82999999999998,184.3,7,182.18263550292272,3
SITE_028,2024-08-19,214.02,219.68,7,206.45172975538526,3
SITE_028,2024-08-26,84.79,90.89,7,118.10756218120063,3
SITE_028,2024-09-02,263.73,306.16999999999996,7,265.7799932346245,3
SITE_029,2024-07-15,78.44,78.44,7,77.6018528790423,3
SITE_029,2024-07-22,64.50999999999999,64.50999999999999,7,63.78301276037169,3
SITE_029,2024-07-29,81.02,81.02,7,80.16126476031798,3
SITE_029,2024-08-05,54.09,54.09,7,53.44616322436685,3
SITE_029,2024-08-12,78.38,81.74,7,80.87551923881351,3
SITE_029,2024-08-19,67.54,71.39,7,70.60811111044016,3
SITE_029,2024-08-26,78.84,86.28,7,85.37929053377148,3
SITE_029,2024-09-02,58.53,64.69,7,63.96157637999558,3
SITE_030,2024-07-15,217.03,311.7,7,212.17654582200566,3
SITE_030,2024-07-22,198.34,250.94,7,195.79476705141167,3
SITE_030,2024-07-29,210.11,319.0,7,214.14473188233052,3
SITE_030,2024-08-05,216.94,283.76,7,204.64351588700902,3
SITE_030,2024-08-12,165.7,330.63,7,217.28034885240965,3
SITE_030,2024-08-19,231.82999999999998,334.31,7,218.2725303184364,3
SITE_030,2024-08-26,173.89,335.76,7,218.66347138521326,3
SITE_030,2024-09-02,244.83999999999997,338.44,7,219.38603832242836,3
SITE_001,2024-09-09,219.19,297.89,7,211.11119537774823,4
SITE_001,2024-09-16,131.03,188.15,7,173.56632273613764,4
SITE_001,2024-09-23,236.5,296.42,7,210.60827062120399,4
SITE_001,2024-09-30,204.31,259.08,7,197.83329755361018,4
SITE_001,2024-10-07,253.91,285.78000000000003,7,206.96805333574073,4
SITE_001,2024-10-14,253.65,350.24,7,229.02147497304912,4
SITE_001,2024-10-21,176.84,296.03999999999996,7,210.47826286100883,4
SITE_001,2024-10-28,184.01,318.68,7,218.22398836316,4
SITE_002,2024-09-09,77.61,85.38,7,76.10598700290178,4
SITE_002,2024-09-16,60.599999999999994,63.78,7,54.79967476770233,4
SITE_002,2024-09-23,79.04,84.58,7,75.31686432752403,4
SITE_002,2024-09-30,79.49,88.31,7,78.99614880147284,4
SITE_002,2024-10-07,72.29,79.66,7,70.46375987395082,4
SITE_002,2024-10-14,89.7,91.59,7,82.23155177052165,4
SITE_002,2024-10-21,79.06,86.27,7,76.98388597925954,4
SITE_002,2024-10-28,79.01,82.79,7,73.5512023413663,4
SITE_003,2024-09-09,257.62,302.27,7,210.5394587912125,4
SITE_003,2024-09-16,196.20000000000002,292.9,7,206.1217659970398,4
SITE_003,2024-09-23,200.96,209.24,7,166.67841710050976,4
SITE_003,2024-09-30,264.13,296.17,7,207.66347949084394,4
SITE_003,2024-10-07,158.81,253.45,7,187.52219494793496,4
SITE_003,2024-10-14,240.16,287.02,7,203.34951054029113,4
SITE_003,2024-10-21,154.62,213.5,7,168.6868878906032,4
SITE_003,2024-10-28,120.53999999999999,301.87,7,210.35086998463095,4
SITE_004,2024-09-09,72.67,86.48,7,81.74654442236327,4
SITE_004,2024-09-16,58.32,70.2,7,65.99228434240592,4
SITE_004,2024-09-23,82.1,102.61,7,97.35564854335293,4
SITE_004,2024-09-30,69.93,73.12,7,68.81798701030982,4
SITE_004,2024-10-07,50.61,54.1,7,50.412211413209796,4
SITE_004,2024-10-14,56.99,61.89,7,57.95064421559724,4
SITE_004,2024-10-21,65.38,72.38,7,68.10188427940267,4
SITE_004,2024-10-28,67.93,79.72,7,75.20484920488713,4
SITE_005,2024-09-09,223.28,317.71999999999997,7,217.89139605999202,4
SITE_005,2024-09-16,185.38,249.3,7,199.93747143406455,4
SITE_005,2024-09-23,253.48,319.78999999999996,7,218.43457969015378,4
SITE_005,2024-09-30,118.28,283.98,7,209.03776529590561,4
SITE_005,2024-10-07,122.85,170.31,7,179.2098989961515,4
SITE_005,2024-10-14,277.11,328.8,7,220.79887172288704,4
SITE_005,2024-10-21,188.70000000000002,297.27,7,212.52516164607476,4
SITE_005,2024-10-28,220.16,328.40999999999997,7,220.6965327780739,4
SITE_006,2024-09-09,112.53999999999999,123.55,7,108.32178778693032,4
SITE_006,2024-09-16,208.2,274.8,7,209.97919991968095,4
SITE_006,2024-09-23,191.22,241.95999999999998,7,187.9069393283452,4
SITE_006,2024-09-30,133.07999999999998,182.86,7,148.18493564539935,4
SITE_006,2024-10-07,129.78,145.22,7,122.88652247067714,4
SITE_006,2024-10-14,159.45,199.32,7,159.24795054592877,4
SITE_006,2024-10-21,151.74,191.68,7,154.11299101737197,4
SITE_006,2024-10-28,127.38,170.04,7,139.5684197872713,4
SITE_007,2024-09-09,223.06,292.76,7,211.12855255855547,4
SITE_007,2024-09-16,234.38,305.87,7,213.71780448902416,4
SITE_007,2024-09-23,184.09,283.8,7,209.35893415298725,4
SITE_007,2024-09-30,202.86,296.19,7,211.80598460443707,4
SITE_007,2024-10-07,207.55,296.17,7,211.8020345633532,4
SITE_007,2024-10-14,209.06,325.0,7,217.496018785734,4
SITE_007,2024-10-21,207.69,299.28,7,212.41626595189308,4
SITE_007,2024-10-28,239.71,313.59000000000003,7,215.24252034739322,4
SITE_008,2024-09-09,213.69,284.9,7,206.54194143183022,4
SITE_008,2024-09-16,178.79,312.76,7,211.27483621579515,4
SITE_008,2024-09-23,204.49,260.05,7,202.32038955166053,4
SITE_008,2024-09-30,236.94,331.52,7,214.46181059293735,4
SITE_008,2024-10-07,150.68,325.27,7,213.4000520717679,4
SITE_008,2024-10-14,171.82,281.73,7,206.0034175098931,4
SITE_008,2024-10-21,268.34,327.14,7,213.71773022130182,4
SITE_008,2024-10-28,191.21,301.66,7,209.38915308219822,4
SITE_009,2024-09-09,77.16,81.77,7,70.40749315875563,4
SITE_009,2024-09-16,75.99000000000001,87.36,7,75.85191786669098,4
SITE_009,2024-09-23,87.66,95.28,7,83.56566450118974,4
SITE_009,2024-09-30,73.61,92.03,7,80.40030129890174,4
SITE_009,2024-10-07,63.510000000000005,69.55,7,58.50572751815277,4
SITE_009,2024-10-14,66.02,75.92,7,64.70983939463724,4
SITE_009,2024-10-21,81.36,92.61,7,80.9651968857716,4
SITE_009,2024-10-28,71.32,75.8,7,64.59296444562969,4
SITE_010,2024-09-09,285.28000000000003,320.12,7,213.19855717919359,4
SITE_010,2024-09-16,249.8,350.69,7,223.46843689761994,4
SITE_010,2024-09-23,225.13,312.93,7,210.7831029699857,4
SITE_010,2024-09-30,189.94,249.19,7,189.3698830402344,4
SITE_010,2024-10-07,280.31,325.79,7,215.10337294639925,4
SITE_010,2024-10-14,202.07,269.39,7,196.15599917736927,4
SITE_010,2024-10-21,175.98000000000002,337.46,7,219.02386677414003,4
SITE_010,2024-10-28,164.10000000000002,279.43,7,199.52890046533133,4
SITE_011,2024-09-09,224.03,324.76,7,212.83092282307416,4
SITE_011,2024-09-16,187.98000000000002,349.52,7,216.9826434589784,4
SITE_011,2024-09-23,203.5,321.5,7,212.28429078458274,4
SITE_011,2024-09-30,190.04000000000002,298.99,7,208.50984686236123,4
SITE_011,2024-10-07,150.5,297.35,7,208.23485405772138,4
SITE_011,2024-10-14,206.12,381.34000000000003,7,222.31817458314936,4
SITE_011,2024-10-21,238.35,260.9,7,202.12297129606105,4
SITE_011,2024-10-28,180.46,317.28999999999996,7,211.57836413364748,4
SITE_012,2024-09-09,69.12,73.18,7,66.51145016398958,4
SITE_012,2024-09-16,73.57,78.77,7,71.9528154016128,4
SITE_012,2024-09-23,76.2,87.44,7,80.3922852782127,4
SITE_012,2024-09-30,78.19,80.91,7,74.03591407934334,4
SITE_012,2024-10-07,55.29,60.74,7,54.4022223364345,4
SITE_012,2024-10-14,79.74000000000001,85.15,7,78.1631750109216,4
SITE_012,2024-10-21,65.87,80.68,7,73.81202964201717,4
SITE_012,2024-10-28,67.88,77.75,7,70.95993659260105,4
SITE_013,2024-09-09,159.4,213.5,7,188.89450456963868,4
SITE_013,2024-09-16,119.34,128.98,7,119.3030544160447,4
SITE_013,2024-09-23,216.94,251.99,7,220.58611503357423,4
SITE_013,2024-09-30,227.32999999999998,236.06,7,207.469789892226,4
SITE_013,2024-10-07,160.02,171.42000000000002,7,154.24698655658577,4
SITE_013,2024-10-14,248.88,280.48,7,244.04399973395158,4
SITE_013,2024-10-21,153.48000000000002,181.11,7,162.22546682147365,4
SITE_013,2024-10-28,237.3,261.09,7,228.07880547841216,4
SITE_014,2024-09-09,125.47999999999999,138.93,7,130.56716193475384,4
SITE_014,2024-09-16,196.28,263.36,7,229.6480629709803,4
SITE_014,2024-09-23,175.58999999999997,189.79999999999998,7,171.07383585352613,4
SITE_014,2024-09-30,183.63,190.70999999999998,7,171.79844904924232,4
SITE_014,2024-10-07,260.29,302.3,7,260.65513752173706,4
SITE_014,2024-10-14,149.17000000000002,281.98,7,244.47476374486553,4
SITE_014,2024-10-21,169.63,276.78,7,240.33411691220152,4
SITE_014,2024-10-28,192.95999999999998,205.95,7,183.93372938189597,4
SITE_015,2024-09-09,76.92,87.47,7,81.48739480322821,4
SITE_015,2024-09-16,85.63,99.77,7,93.33978930656508,4
SITE_015,2024-09-23,72.83,78.64,7,72.97872460286524,4
SITE_015,2024-09-30,49.92,60.6,7,55.59521266463783,4
SITE_015,2024-10-07,60.18000000000001,73.18,7,67.71741777455473,4
SITE_015,2024-10-14,56.769999999999996,63.27,7,58.168049520240224,4
SITE_015,2024-10-21,66.86,73.77000000000001,7,68.28594726699122,4
SITE_015,2024-10-28,86.82,89.14,7,83.09662234961623,4
SITE_016,2024-09-09,179.99,270.2,7,223.04728439639726,4
SITE_016,2024-09-16,152.55,176.69,7,156.64543471495222,4
SITE_016,2024-09-23,230.48,251.37,7,209.67602111437813,4
SITE_016,2024-09-30,170.01999999999998,262.88,7,217.84932118745513,4
SITE_016,2024-10-07,126.91999999999999,203.78,7,175.8821592136192,4
SITE_016,2024-10-14,205.44,222.24,7,188.99068391813717,4
SITE_016,2024-10-21,211.73,226.39,7,191.93761661173136,4
SITE_016,2024-10-28,250.26,302.38,7,245.8984395963641,4
SITE_017,2024-09-09,191.07,366.03,7,236.2296596127107,4
SITE_017,2024-09-16,147.58,291.16,7,205.95754218913558,4
SITE_017,2024-09-23,163.16,293.26,7,206.80663323480817,4
SITE_017,2024-09-30,140.29,283.83,7,202.99381011066882,4
SITE_017,2024-10-07,179.74,331.67,7,222.33691278922947,4
SITE_017,2024-10-14,165.18,287.59000000000003,7,204.51408741149214,4
SITE_017,2024-10-21,213.03,251.15,7,189.78033612372565,4
SITE_017,2024-10-28,226.41,301.8,7,210.2596034872101,4
SITE_018,2024-09-09,198.89,327.02,7,218.31974453604954,4
SITE_018,2024-09-16,216.31,304.7,7,214.7649201948561,4
SITE_018,2024-09-23,183.04999999999998,327.85,7,218.4519355845796,4
SITE_018,2024-09-30,140.07999999999998,274.41999999999996,7,209.94233591836246,4
SITE_018,2024-10-07,185.88,310.11,7,215.62655100515434,4
SITE_018,2024-10-14,156.67,264.46,7,208.35604333600196,4
SITE_018,2024-10-21,188.3,294.96000000000004,7,213.21366620367223,4
SITE_018,2024-10-28,231.99,301.45,7,214.24730464338305,4
SITE_019,2024-09-09,77.99,83.74,7,80.5406790011685,4
SITE_019,2024-09-16,79.13,84.8,7,81.5906121881642,4
SITE_019,2024-09-23,69.82000000000001,84.97,7,81.75899769928616,4
SITE_019,2024-09-30,105.26,110.36,7,106.90786903685294,4
SITE_019,2024-10-07,99.59,109.18,7,105.73907548906529,4
SITE_019,2024-10-14,78.39,81.60000000000001,7,78.42100256704512,4
SITE_019,2024-10-21,75.29,84.65,7,81.44203673717425,4
SITE_019,2024-10-28,42.2,45.07,7,42.23792773595746,4
SITE_020,2024-09-09,286.77,323.81,7,216.35360437267633,4
SITE_020,2024-09-16,219.92000000000002,279.75,7,200.00219216895522,4
SITE_020,2024-09-23,184.7,297.02,7,206.41138165507104,4
SITE_020,2024-09-30,243.42,308.68,7,210.73860512977348,4
SITE_020,2024-10-07,203.79000000000002,336.11,7,220.91834268647045,4
SITE_020,2024-10-14,190.65,339.7,7,222.2506524870006,4
SITE_020,2024-10-21,177.12,271.19,7,196.82543119610335,4
SITE_020,2024-10-28,251.63,337.95,7,221.60119784885916,4
SITE_021,2024-09-09,128.73,293.77,7,209.06176977563132,4
SITE_021,2024-09-16,206.93,355.17,7,218.29504227922178,4
SITE_021,2024-09-23,151.68,357.52,7,218.64843300207906,4
SITE_021,2024-09-30,196.32999999999998,314.73,7,212.21371426545633,4
SITE_021,2024-10-07,156.48,284.95,7,207.73542672218395,4
SITE_021,2024-10-14,213.75,279.1,7,206.8557093908158,4
SITE_021,2024-10-21,187.24,267.53,7,205.11582400210992,4
SITE_021,2024-10-28,186.71,237.24,7,200.56084315302596,4
SITE_022,2024-09-09,224.56,311.19,7,213.94734474453693,4
SITE_022,2024-09-16,208.86,286.63,7,205.02023157141724,4
SITE_022,2024-09-23,214.85,266.05,7,197.53977598905553,4
SITE_022,2024-09-30,146.26,291.24,7,206.69588270041078,4
SITE_022,2024-10-07,177.31,260.48,7,195.51518232560778,4
SITE_022,2024-10-14,171.41,218.0,7,180.07447517600986,4
SITE_022,2024-10-21,204.17000000000002,276.2,7,201.22911632729512,4
SITE_022,2024-10-28,143.15,219.09,7,180.47067034533802,4
SITE_023,2024-09-09,60.42,67.86,7,61.70185644802771,4
SITE_023,2024-09-16,86.4,101.50999999999999,7,94.4204482092942,4
SITE_023,2024-09-23,54.120000000000005,59.93000000000001,7,53.99135324841872,4
SITE_023,2024-09-30,85.75,93.58,7,86.70994500968519,4
SITE_023,2024-10-07,92.33,99.65,7,92.61193169589285,4
SITE_023,2024-10-14,87.38,95.68,7,88.7518184925577,4
SITE_023,2024-10-21,67.35000000000001,73.04,7,66.73847770577989,4
SITE_023,2024-10-28,94.88,103.77,7,96.61789300514747,4
SITE_024,2024-09-09,156.6,166.53,7,152.37336074376748,4
SITE_024,2024-09-16,196.33,224.15,7,200.56282903840372,4
SITE_024,2024-09-23,109.55,195.85,7,176.89462437442927,4
SITE_024,2024-09-30,183.0,213.23,7,191.43008010092666,4
SITE_024,2024-10-07,232.01999999999998,255.82999999999998,7,227.05783694493056,4
SITE_024,2024-10-14,259.15999999999997,290.53,7,256.0785684587084,4
SITE_024,2024-10-21,225.18,256.44,7,227.56799966030246,4
SITE_024,2024-10-28,168.37,202.01999999999998,7,182.05479479056788,4
SITE_025,2024-09-09,162.73000000000002,320.79,7,223.91777209011525,4
SITE_025,2024-09-16,244.49,306.97999999999996,7,218.43565772466377,4
SITE_025,2024-09-23,196.78,362.19,7,240.35220617626214,4
SITE_025,2024-09-30,182.91,262.1,7,200.61977845446393,4
SITE_025,2024-10-07,274.27,313.69,7,221.0993063410417,4
SITE_025,2024-10-14,153.81,192.26,7,172.8956026917465,4
SITE_025,2024-10-21,227.55,275.22,7,205.82798558514625,4
SITE_025,2024-10-28,304.81,322.31,7,224.5211619406211,4
SITE_026,2024-09-09,203.59,238.19,7,223.74110281082005,4
SITE_026,2024-09-16,197.14000000000001,228.42,7,216.00181068488737,4
SITE_026,2024-09-23,214.07,259.76,7,240.82774878383623,4
SITE_026,2024-09-30,152.13,171.42000000000002,7,170.8493387116875,4
SITE_026,2024-10-07,170.04,193.35999999999999,7,188.22907967821388,4
SITE_026,2024-10-14,246.54,254.83,7,236.92245603247,4
SITE_026,2024-10-21,150.35,161.92,7,163.32392671615415,4
SITE_026,2024-10-28,171.21,178.56,7,176.5052799378041,4
SITE_027,2024-09-09,65.96,71.32,7,65.49686411270932,4
SITE_027,2024-09-16,87.78,95.42,7,89.15719423003293,4
SITE_027,2024-09-23,53.29,55.68,7,50.14219344735906,4
SITE_027,2024-09-30,72.18,78.86,7,72.89930764319148,4
SITE_027,2024-10-07,72.84,80.28,7,74.2934017828844,4
SITE_027,2024-10-14,83.24,94.24,7,87.99872163507683,4
SITE_027,2024-10-21,71.2,80.75,7,74.75482730799403,4
SITE_027,2024-10-28,56.14,56.14,7,50.59380140810466,4
SITE_028,2024-09-09,222.61,246.09,7,221.69760991347863,4
SITE_028,2024-09-16,218.93,246.44,7,221.94062819939398,4
SITE_028,2024-09-23,184.99,192.73,7,184.64773638077526,4
SITE_028,2024-09-30,149.09,164.39000000000001,7,164.9701986012248,4
SITE_028,2024-10-07,206.65,216.94,7,201.45765838652392,4
SITE_028,2024-10-14,167.28,183.35999999999999,7,178.1417896978399,4
SITE_028,2024-10-21,37.65,91.51,7,114.36684809403931,4
SITE_028,2024-10-28,174.64,184.76,7,179.11386284150154,4
SITE_029,2024-09-09,83.88,92.27,7,87.00371922428965,4
SITE_029,2024-09-16,83.8,91.04,7,85.78733512707727,4
SITE_029,2024-09-23,106.17,110.86,7,105.3879309049225,4
SITE_029,2024-09-30,76.25,86.24,7,81.04047035746791,4
SITE_029,2024-10-07,69.13,80.12,7,74.98821777621602,4
SITE_029,2024-10-14,69.33,83.84,7,78.66703797266325,4
SITE_029,2024-10-21,74.99,87.39,7,82.1777400418535,4
SITE_029,2024-10-28,60.35,61.980000000000004,7,57.04902466773403,4
SITE_030,2024-09-09,225.14000000000001,231.73000000000002,7,191.20588802607602,4
SITE_030,2024-09-16,208.93,321.04,7,214.09334607392566,4
SITE_030,2024-09-23,198.99,294.64,7,207.32782270069498,4
SITE_030,2024-09-30,210.5,284.64,7,204.76512445325915,4
SITE_030,2024-10-07,235.11,269.47,7,200.87751121189893,4
SITE_030,2024-10-14,181.71,287.73,7,205.5569982117168,4
SITE_030,2024-10-21,224.58,280.48,7,203.6990419823258,4
SITE_030,2024-10-28,212.75,243.82,7,194.30419020722596,4
SITE_001,2024-11-04,222.56,326.90999999999997,7,221.82300590796552,5
SITE_001,2024-11-11,180.26,293.8,7,209.5692675178287,5
SITE_001,2024-11-18,192.72,302.29,7,212.71134661575263,5
SITE_001,2024-11-25,169.71,221.71,7,182.88935206796572,5
SITE_001,2024-12-02,240.89,281.74,7,205.10596081335723,5
SITE_001,2024-12-09,201.13,287.1,7,207.08965268201123,5
SITE_001,2024-12-16,189.34,307.57,7,214.66543114308342,5
SITE_001,2024-12-23,213.01,231.44,7,186.49034495639916,5
SITE_002,2024-11-04,73.15,82.77,7,77.88450031108825,5
SITE_002,2024-11-11,74.14,87.93,7,82.95592628134115,5
SITE_002,2024-11-18,87.77,87.77,7,82.79867276288368,5
SITE_002,2024-11-25,72.33,76.15,7,71.3781359849111,5
SITE_002,2024-12-02,105.93,109.38,7,104.03772609954355,5
SITE_002,2024-12-09,92.49,92.49,7,87.43765155737857,5
SITE_002,2024-12-16,77.53999999999999,78.66,7,73.84505055571239,5
SITE_002,2024-12-23,86.99,86.99,7,82.03206186040359,5
SITE_003,2024-11-04,310.25,310.25,7,214.38450914030796,5
SITE_003,2024-11-11,244.77,332.15,7,224.54057534485437,5
SITE_003,2024-11-18,186.81,301.27,7,210.22005824912864,5
SITE_003,2024-11-25,201.71,292.18,7,206.00459515326895,5
SITE_003,2024-12-02,228.89,334.42,7,225.59328175053113,5
SITE_003,2024-12-09,228.51,261.67,7,191.85566456419537,5
SITE_003,2024-12-16,183.73,335.1,7,225.90862992491887,5
SITE_003,2024-12-23,199.45999999999998,321.22,7,219.47181718888672,5
SITE_004,2024-11-04,79.77000000000001,84.58,7,75.20628247701818,5
SITE_004,2024-11-11,78.95,83.34,7,74.02668639443725,5
SITE_004,2024-11-18,110.57,116.19,7,105.27646971119813,5
SITE_004,2024-11-25,87.13,87.13,7,77.63206474361606,5
SITE_004,2024-12-02,52.73,52.73,7,44.907786323629004,5
SITE_004,2024-12-09,54.39,54.39,7,46.48692301482606,5
SITE_004,2024-12-16,84.73,84.73,7,75.34897555152394,5
SITE_004,2024-12-23,71.57000000000001,74.75,7,65.8551296610742,5
SITE_005,2024-11-04,214.31,315.81,7,216.2357142795875,5
SITE_005,2024-11-11,211.12,225.68,7,186.1869580101092,5
SITE_005,2024-11-18,184.17000000000002,340.66,7,224.52054278615066,5
SITE_005,2024-11-25,163.01,238.4,7,190.4277233462655,5
SITE_005,2024-12-02,214.35,242.31,7,191.73129193623174,5
SITE_005,2024-12-09,230.39,271.97,7,201.61974318390432,5
SITE_005,2024-12-16,205.89000000000001,244.37,7,192.41808254884825,5
SITE_005,2024-12-23,238.43,321.2,7,218.0327052514336,5
SITE_006,2024-11-04,178.89,241.44,7,186.72881511837585,5
SITE_006,2024-11-11,179.07,209.70000000000002,7,165.3720822802352,5
SITE_006,2024-11-18,186.43,193.88,7,154.72735910760173,5
SITE_006,2024-11-25,231.54000000000002,264.9,7,202.51422634656677,5
SITE_006,2024-12-02,192.01,192.01,7,153.46910169086186,5
SITE_006,2024-12-09,180.76,232.56,7,180.75377455118337,5
SITE_006,2024-12-16,98.5,98.5,7,90.54950220458164,5
SITE_006,2024-12-23,155.34,160.22,7,132.0787256062843,5
SITE_007,2024-11-04,214.75,342.73,7,221.2258677598887,5
SITE_007,2024-11-11,180.64,294.47,7,211.5282356387397,5
SITE_007,2024-11-18,178.12,276.51,7,207.91925360608664,5
SITE_007,2024-11-25,211.37,293.58,7,211.34939410148684,5
SITE_007,2024-12-02,177.48000000000002,254.43,7,203.48237591783612,5
SITE_007,2024-12-09,234.25,275.69,7,207.75447825715705,5
SITE_007,2024-12-16,198.31,258.71,7,204.3424228610296,5
SITE_007,2024-12-23,172.26,348.55,7,222.39537084619386,5
SITE_008,2024-11-04,240.97,271.65,7,200.59594517613286,5
SITE_008,2024-11-11,197.01999999999998,278.85,7,201.86942521464454,5
SITE_008,2024-11-18,207.07999999999998,303.26,7,206.18687628965424,5
SITE_008,2024-11-25,222.64,333.04,7,211.45413122672056,5
SITE_008,2024-12-02,249.37,328.99,7,210.73779870505774,5
SITE_008,2024-12-09,249.15,285.19,7,202.99079513744508,5
SITE_008,2024-12-16,168.44,327.87,7,210.53970181017814,5
SITE_008,2024-12-23,148.87,332.43,7,211.3462391679022,5
SITE_009,2024-11-04,72.53999999999999,81.5,7,73.8697096193518,5
SITE_009,2024-11-11,66.96000000000001,74.19,7,66.81216846274617,5
SITE_009,2024-11-18,89.67999999999999,102.49,7,94.134797017047,5
SITE_009,2024-11-25,84.51,86.15,7,78.35911678463445,5
SITE_009,2024-12-02,67.57,71.73,7,64.43712725272567,5
SITE_009,2024-12-09,83.34,83.34,7,75.64616320733461,5
SITE_009,2024-12-16,72.03,72.03,7,64.7267664246794,5
SITE_009,2024-12-23,82.04,82.04,7,74.39106012886849,5
SITE_010,2024-11-04,182.66,330.45,7,221.04054446343017,5
SITE_010,2024-11-11,211.56,331.71,7,221.4773863566333,5
SITE_010,2024-11-18,254.56,281.57,7,204.09385260647073,5
SITE_010,2024-11-25,213.67000000000002,355.13,7,229.5970983715676,5
SITE_010,2024-12-02,162.87,316.56,7,216.22488264073854,5
SITE_010,2024-12-09,205.55,320.95,7,217.74689526864466,5
SITE_010,2024-12-16,217.01999999999998,261.18,7,197.02464133471537,5
SITE_010,2024-12-23,232.51,295.88,7,209.0551283935634,5
SITE_011,2024-11-04,166.05,313.26,7,209.8761960695208,5
SITE_011,2024-11-11,154.24,338.15999999999997,7,213.42429279577257,5
SITE_011,2024-11-18,209.26,312.15,7,209.71802790220596,5
SITE_011,2024-11-25,208.69,324.2,7,211.43507872756072,5
SITE_011,2024-12-02,122.59,209.39,7,195.075360448807,5
SITE_011,2024-12-09,266.67,336.34000000000003,7,213.16495399891403,5
SITE_011,2024-12-16,202.20999999999998,290.72,7,206.66438481611857,5
SITE_011,2024-12-23,219.29000000000002,315.6,7,210.20963166548182,5
SITE_012,2024-11-04,80.59,86.22,7,76.50756030848963,5
SITE_012,2024-11-11,44.14,50.67,7,42.008848006459935,5
SITE_012,2024-11-18,56.39,60.31,7,51.363773086391475,5
SITE_012,2024-11-25,67.31,68.37,7,59.18542206401059,5
SITE_012,2024-12-02,103.56,106.65,7,96.33340256813707,5
SITE_012,2024-12-09,100.07000000000001,100.07000000000001,7,89.9479869015448,5
SITE_012,2024-12-16,80.4,80.4,7,70.85966985566789,5
SITE_012,2024-12-23,79.11,79.11,7,69.60781784808368,5
SITE_013,2024-11-04,225.91,235.31,7,206.89644668334373,5
SITE_013,2024-11-11,217.56,223.95,7,197.52078460623568,5
SITE_013,2024-11-18,194.92,240.82,7,211.4439729196875,5
SITE_013,2024-11-25,146.11,149.81,7,136.33138439525067,5
SITE_013,2024-12-02,177.43,177.43,7,159.12678814258553,5
SITE_013,2024-12-09,193.55,193.55,7,172.43098468158038,5
SITE_013,2024-12-16,118.58,259.61,7,226.95178017574915,5
SITE_013,2024-12-23,220.39000000000001,220.39000000000001,7,194.58263698348,5
SITE_014,2024-11-04,229.22,285.72,7,232.69943084130512,5
SITE_014,2024-11-11,177.8,177.8,7,148.63992826196488,5
SITE_014,2024-11-18,148.07,154.95,7,130.8419331365208,5
SITE_014,2024-11-25,197.79,197.79,7,164.21025310037305,5
SITE_014,2024-12-02,117.67,126.87,7,108.9702612274412,5
SITE_014,2024-12-09,53.41,149.22,7,126.37880350550137,5
SITE_014,2024-12-16,179.48,189.4,7,157.6752343212713,5
SITE_014,2024-12-23,168.33,168.33,7,141.26369133251387,5
SITE_015,2024-11-04,83.5,83.5,7,77.47431845839105,5
SITE_015,2024-11-11,53.31,59.9,7,54.75743189953171,5
SITE_015,2024-11-18,75.17,88.41,7,82.20058595856052,5
SITE_015,2024-11-25,92.19,92.19,7,85.83913812773375,5
SITE_015,2024-12-02,63.54,68.74,7,63.26663855971462,5
SITE_015,2024-12-09,60.57,60.57,7,55.40236045861798,5
SITE_015,2024-12-16,75.23,77.28999999999999,7,71.49669703760645,5
SITE_015,2024-12-23,63.51,63.51,7,58.23234547908604,5
SITE_016,2024-11-04,153.67000000000002,182.88,7,158.46412537360948,5
SITE_016,2024-11-11,201.31,289.7,7,233.83641429486823,5
SITE_016,2024-11-18,238.32999999999998,238.32999999999998,7,197.58969568519717,5
SITE_016,2024-11-25,238.95,254.48000000000002,7,208.98515033861725,5
SITE_016,2024-12-02,256.19,330.99,7,262.9706757586276,5
SITE_016,2024-12-09,294.17,294.17,7,236.99045035064455,5
SITE_016,2024-12-16,243.08,243.08,7,200.9412999950266,5
SITE_016,2024-12-23,208.42000000000002,208.42000000000002,7,176.4851725468818,5
SITE_017,2024-11-04,238.94,325.4,7,214.11956920275657,5
SITE_017,2024-11-11,213.22,342.61,7,220.8813655229148,5
SITE_017,2024-11-18,217.55,327.51,7,214.94858664816815,5
SITE_017,2024-11-25,229.25,257.2,7,187.32383945058973,5
SITE_017,2024-12-02,168.10999999999999,260.27,7,188.53004018870047,5
SITE_017,2024-12-09,267.06,324.66,7,213.82882374796765,5
SITE_017,2024-12-16,131.33,151.18,7,145.6686595631304,5
SITE_017,2024-12-23,245.17000000000002,302.42,7,205.09074413377132,5
SITE_018,2024-11-04,239.5,311.9,7,206.20678317995302,5
SITE_018,2024-11-11,153.35,295.4,7,203.1266795079478,5
SITE_018,2024-11-18,200.63,326.61,7,208.95274227178317,5
SITE_018,2024-11-25,194.64,305.58,7,205.02701013710012,5
SITE_018,2024-12-02,180.4,336.46999999999997,7,210.79333755699355,5
SITE_018,2024-12-09,245.36,316.05,7,206.9814759216998,5
SITE_018,2024-12-16,265.98,320.87,7,207.88123953982497,5
SITE_018,2024-12-23,260.13,358.15,7,214.8404071090586,5
SITE_019,2024-11-04,82.53,90.07000000000001,7,84.16100690399546,5
SITE_019,2024-11-11,97.19,109.99000000000001,7,103.7714794848923,5
SITE_019,2024-11-18,76.73,79.09,7,73.35161990910353,5
SITE_019,2024-11-25,78.66,78.66,7,72.92830147487733,5
SITE_019,2024-12-02,83.62,87.1,7,81.23715632340993,5
SITE_019,2024-12-09,66.54,70.75,7,65.14121120806539,5
SITE_019,2024-12-16,89.5,89.5,7,83.59986386327702,5
SITE_019,2024-12-23,69.84,72.71,7,67.07075569895684,5
SITE_020,2024-11-04,157.75,198.25,7,169.07140793517726,5
SITE_020,2024-11-11,247.07,259.26,7,192.381708716666,5
SITE_020,2024-11-18,219.8,265.44,7,194.74292259684302,5
SITE_020,2024-11-25,198.31,268.52,7,195.9197088024976,5
SITE_020,2024-12-02,172.66,238.45999999999998,7,184.4345810940637,5
SITE_020,2024-12-09,216.91,311.43,7,212.31448025854877,5
SITE_020,2024-12-16,243.88,298.04,7,207.19851685149854,5
SITE_020,2024-12-23,209.85999999999999,299.49,7,207.75252334442035,5
SITE_021,2024-11-04,296.4,359.81,7,210.59284856619175,5
SITE_021,2024-11-11,249.22,312.74,7,203.56224031825246,5
SITE_021,2024-11-18,232.88,273.61,7,197.71758978199017,5
SITE_021,2024-11-25,267.04,277.7,7,198.32849243195983,5
SITE_021,2024-12-02,221.99,291.28999999999996,7,200.35836211731134,5
SITE_021,2024-12-09,192.63,313.73,7,203.71011161983435,5
SITE_021,2024-12-16,228.53,312.06,7,203.46067215150933,5
SITE_021,2024-12-23,262.91,347.7,7,208.78403900845763,5
SITE_022,2024-11-04,248.39999999999998,320.63,7,217.2748670795658,5
SITE_022,2024-11-11,284.98,302.68,7,210.2548938597497,5
SITE_022,2024-11-18,205.31,330.93,7,221.30304112770543,5
SITE_022,2024-11-25,132.65,343.7,7,226.29719477768043,5
SITE_022,2024-12-02,218.26,263.98,7,195.11990981479798,5
SITE_022,2024-12-09,167.36,277.87,7,200.55207850690078,5
SITE_022,2024-12-16,159.51,335.17,7,222.9612409300464,5
SITE_022,2024-12-23,245.14,270.12,7,197.52117084932001,5
SITE_023,2024-11-04,79.98,85.44,7,77.8652434136927,5
SITE_023,2024-11-11,53.78,59.64,7,53.01169248207899,5
SITE_023,2024-11-18,49.33,52.62,7,46.24921467045387,5
SITE_023,2024-11-25,92.69,96.58,7,88.59658284695534,5
SITE_023,2024-12-02,85.53,89.16,7,81.44877866429745,5
SITE_023,2024-12-09,92.23,92.23,7,84.40615856197397,5
SITE_023,2024-12-16,89.96000000000001,89.96000000000001,7,82.219431406363,5
SITE_023,2024-12-23,103.91,106.86,7,98.49947058249755,5
SITE_024,2024-11-04,249.36,308.39,7,265.3772421497184,5
SITE_024,2024-11-11,112.22,234.39,7,203.1559316400334,5
SITE_024,2024-11-18,215.01,221.05,7,191.9392791778821,5
SITE_024,2024-11-25,197.05,217.04000000000002,7,188.5675568110735,5
SITE_024,2024-12-02,178.6,178.6,7,156.24610848685333,5
SITE_024,2024-12-09,215.07999999999998,237.0,7,205.35049407828043,5
SITE_024,2024-12-16,265.73,265.73,7,229.50749746940542,5
SITE_024,2024-12-23,197.53,207.42000000000002,7,180.47878644481446,5
SITE_025,2024-11-04,141.57999999999998,257.98,7,199.00250822767993,5
SITE_025,2024-11-11,195.39,338.25,7,231.36241538077724,5
SITE_025,2024-11-18,224.04000000000002,251.82,7,196.51917662106376,5
SITE_025,2024-11-25,201.82,284.88,7,209.84692709423427,5
SITE_025,2024-12-02,214.51,316.98,7,222.78766484949057,5
SITE_025,2024-12-09,205.59,318.15999999999997,7,223.26336798192676,5
SITE_025,2024-12-16,177.77,250.04000000000002,7,195.8015905399312,5
SITE_025,2024-12-23,210.93,334.03,7,229.661171974946,5
SITE_026,2024-11-04,236.92000000000002,264.25,7,237.44683315212637,5
SITE_026,2024-11-11,141.17,150.01,7,146.5791797767862,5
SITE_026,2024-11-18,270.56,282.6,7,252.0426090575666,5
SITE_026,2024-11-25,172.07,175.08,7,166.5201117631288,5
SITE_026,2024-12-02,234.36,234.36,7,213.67202433394607,5
SITE_026,2024-12-09,133.35,133.35,7,133.32764699288242,5
SITE_026,2024-12-16,216.12,216.12,7,199.16374354292537,5
SITE_026,2024-12-23,229.77,229.77,7,210.0210918322583,5
SITE_027,2024-11-04,72.58,77.93,7,72.91761129330185,5
SITE_027,2024-11-11,86.05,91.59,7,86.10449171794654,5
SITE_027,2024-11-18,74.0,74.0,7,69.12372841856877,5
SITE_027,2024-11-25,76.17,79.68,7,74.6069993418471,5
SITE_027,2024-12-02,100.56,100.56,7,94.76381217248995,5
SITE_027,2024-12-09,70.96,76.85,7,71.87501752619961,5
SITE_027,2024-12-16,79.01,82.52,7,77.34863480348625,5
SITE_027,2024-12-23,78.76,78.76,7,73.71886391061187,5
SITE_028,2024-11-04,207.76,207.76,7,186.0304263352124,5
SITE_028,2024-11-11,90.64,113.3,7,118.9535392634328,5
SITE_028,2024-11-18,149.91,157.13,7,150.07761252572476,5
SITE_028,2024-11-25,202.42,212.6,7,189.46735343056932,5
SITE_028,2024-12-02,217.14,265.55,7,227.06761989733548,5
SITE_028,2024-12-09,226.5,239.83,7,208.80361888647192,5
SITE_028,2024-12-16,234.93,248.73000000000002,7,215.12358813206623,5
SITE_028,2024-12-23,251.32,251.32,7,216.96277019342457,5
SITE_029,2024-11-04,71.86,78.59,7,70.9095235857428,5
SITE_029,2024-11-11,85.81,90.52,7,82.65585495022447,5
SITE_029,2024-11-18,86.1,95.23,7,87.29334201868288,5
SITE_029,2024-11-25,91.51,93.86,7,85.94443389049009,5
SITE_029,2024-12-02,77.49,80.5,7,72.79011812942763,5
SITE_029,2024-12-09,86.88,86.88,7,79.07189466801883,5
SITE_029,2024-12-16,108.85000000000001,112.83,7,104.62238074583102,5
SITE_029,2024-12-23,72.58,77.12,7,69.46215501023667,5
SITE_030,2024-11-04,263.56,263.56,7,200.76209287574696,5
SITE_030,2024-11-11,159.29,314.31,7,212.43816435359423,5
SITE_030,2024-11-18,130.41,201.73,7,186.53684165455883,5
SITE_030,2024-11-25,289.25,308.43,7,211.0853505547816,5
SITE_030,2024-12-02,136.35,317.15,7,213.09156421560579,5
SITE_030,2024-12-09,172.38,325.73,7,215.06556802407732,5
SITE_030,2024-12-16,198.55,288.01,7,206.38731351876893,5
SITE_030,2024-12-23,183.51,305.27,7,210.35832817310677,5
